Playlist,Playlist_ID,Track,Artist
mmpshh,P0,Alors on danse - Radio Edit,Stromae
mmpshh,P0,Yeah! (feat. Lil Jon & Ludacris),Usher
mmpshh,P0,Made In China,#N/A
mmpshh,P0,Gangsta Walk - Remastered,Avila
mm3,P3,Turbulence - Radio Edit,Steve Aoki
mm3,P3,Delirious (Boneless) (feat. Kid Ink),Steve Aoki
mm3,P3,Beast Mode,Kura
mm3,P3,Werk,CID
mm3,P3,WHITE MIRACLE,WONHO
mm3,P3,Mad at Disney,salem ilese
mm3,P3,Secrets,Tiësto
mm3,P3,最好的都给你,余佳运
mm3,P3,November Rain,#N/A
mm3,P3,Stinger,RL Grime
mm3,P3,Bittersweet (feat. LeeHi),WONWOO
mm3,P3,Strawberries & Cigarettes,Troye Sivan
mm2,P2,outting a spn on selfish,#N/A
mm2,P2,Home with You,#N/A
mm2,P2,Let's Not Love Each Other,GIRIBOY
mm2,P2,Secrets,Tiësto
mm2,P2,The Business,Tiësto
mm2,P2,my boy,Billie Eilish
mm2,P2,bad guy (with Justin Bieber),Billie Eilish
mm2,P2,Put Your Records On,Corinne Bailey Rae
mm2,P2,Vacance in September,KIM JAE HWAN
mm2,P2,Strawberries & Cigarettes,Troye Sivan
mm2,P2,Happy Christmas,7Princess
mm2,P2,Story,Park Shin Hye
mm2,P2,Love & City Lights,YAØ
mm2,P2,Peaches (feat. Daniel Caesar & Giveon),Justin Bieber
mm2,P2,STAY (with Justin Bieber),The Kid LAROI
mm2,P2,聽見下雨的聲音,Queen Wei
mm2,P2,Other Half,Rangga Jones
mm2,P2,I Choose To Love You,Hyolyn
mm2,P2,SEE SEA,Hyolyn
mm2,P2,Because of You,EZ Kim
mm2,P2,You're My Garden,JEONG EUN JI
mm2,P2,Rude Boy,Rihanna
mm2,P2,Your Imagination,Ghaniyya ghazi
mm2,P2,Lost Cause,Billie Eilish
mm2,P2,是想你的聲音啊,傲七爺
mm2,P2,Lift Off,Dirt Monkey
mm2,P2,Wii Tennis,Splash Daddy
mm2,P2,Leave The Door Open,Bruno Mars
mm2,P2,Fallin' All In You,Shawn Mendes
mm2,P2,뜨겁지가 않아,BILL STAX
mm2,P2,Reckless,Madison Beer
mm2,P2,唯一Remix,政学Zed-X
mm2,P2,星晴,Jay Chou
mm2,P2,BABY I LOVE U feat.竹内美宥,kobasolo
mm2,P2,COFFIN (feat. Eminem),Jessie Reyez
mm2,P2,Worth the Wait,Gowe
mm2,P2,Best Luck,CHEN
mm2,P2,Christmas In My Heart,Sarah Connor
mm1,P1,"Can I Love ? (feat. youra, Meego)",Cosmic Boy
mm1,P1,instagram,DEAN
mm1,P1,"Cigarette (Feat. Tablo, MISO)",#N/A
mm1,P1,bath,offonoff
mm1,P1,Eat,#N/A
mm1,P1,Thinkin Bout You,KATIE
mm1,P1,Officially Missing You,Tamia
mm1,P1,Comeback,Albert Posis
mm1,P1,say what's on your mind,slchld
mm1,P1,By My Side,#N/A
mm1,P1,right here,keshi
mm1,P1,Eternal Sunshine,Seo actor
mm1,P1,Good bye 안녕,Hyolyn
mm1,P1,Just The Two of Us,Kauai45
mm1,P1,Polaroid,Wildberry
mm1,P1,drivers license,Olivia Rodrigo
mm1,P1,30 SEXY,Rain
madeline is fucking fabulous,P5,Just Kidding,GIRIBOY
madeline is fucking fabulous,P5,无人之岛,Ren Ran
madeline is fucking fabulous,P5,"she likes spring, I prefer winter",slchld
madeline is fucking fabulous,P5,Crew,Sam Rui
madeline is fucking fabulous,P5,Leave The Door Open,Bruno Mars
madeline is fucking fabulous,P5,Tryin' to forget you,J_ust
madeline is fucking fabulous,P5,Thinkin Bout You,KATIE
madeline is fucking fabulous,P5,Put Your Records On,Corinne Bailey Rae
madeline is fucking fabulous,P5,Therefore I Am,Billie Eilish
madeline is fucking fabulous,P5,Levitating (feat. DaBaby),Dua Lipa
madeline is fucking fabulous,P5,"Bravo, My Life!",Eric Nam
madeline is fucking fabulous,P5,Vacance in September,KIM JAE HWAN
madeline is fucking fabulous,P5,Sleep,Kim Greem
madeline is fucking fabulous,P5,10 Reasons For I Love You,Lee Seok Hoon
madeline is fucking fabulous,P5,bath,offonoff
madeline is fucking fabulous,P5,Warm (feat. Mia),Dre'es
madeline is fucking fabulous,P5,난,Rain
madeline is fucking fabulous,P5,Soothe (feat. Junmo),J_ust
madeline is fucking fabulous,P5,Without Star,Who R U?
madeline is fucking fabulous,P5,i love you baby,Emilee
madeline is fucking fabulous,P5,drivers license,Olivia Rodrigo
madeline is fucking fabulous,P5,It's Raining,Vincent Blue
madeline is fucking fabulous,P5,30 SEXY,Rain
madeline is fucking fabulous,P5,Soft Lips,Pavy
madeline is fucking fabulous,P5,Polaroid,Wildberry
madeline is fucking fabulous,P5,Ain't About You (feat. Kiiara),WONHO
madeline is fucking fabulous,P5,Fade Away,Narysal
madeline is fucking fabulous,P5,stay in 17,JOYCE 就以斯
madeline is fucking fabulous,P5,LoveHate Thing (feat. Sam Dew),Wale