Name,No,Track,Artist,Album,Track_Url,danceability,energy,key,loudness,mode,speechiness,acousticness,instrumentalness,liveness,valence,tempo,Miliseconds_Played,Genre
tracks,1,Biggest Thing,Rain,It's Raining,spotify:track:6TAkPWpT22wttANCgJaMCH,0.791,0.562,9,-4.596,1,0.0894,0.455,0,0.0641,0.665,92.023,"6,202,667",K-pop
tracks,2,Count On Me,Connie Talbot,Beautiful World,spotify:track:6vaLzesQfBZ5PMBSiMykJs,0.568,0.4,1,-7.132,1,0.0342,0.488,0,0.0822,0.687,180.01,1025608,Pop
tracks,3,SexyBack (feat. Timbaland),Justin Timberlake,FutureSex/LoveSounds,spotify:track:0O45fw2L5vsWpdsOdXwNAR,0.967,0.583,7,-5.562,0,0.0789,0.0584,0,0.0519,0.964,117,2814676,Pop
tracks,4,Split (Only U),Tiësto,Split (Only U),spotify:track:1Q4jb2UjtWUDUojHsB8mLY,0.634,0.927,1,-3.282,1,0.136,0.048,0.687,0.0864,0.35,128.016,7773886,Electronic/Dance
tracks,5,It Takes Time,Loco,It Takes Time,spotify:track:3mNbGPCLCxia3yvwWp2P51,0.728,0.503,3,-7.147,1,0.08,0.777,0.000003,0.249,0.267,120.032,27611475,K-pop
tracks,6,Fall in love with you in every 4AM.,Friday Night Plans,LOCATION - Los Angeles,spotify:track:2sXQnT404FrXeSEZkJXfKM,0.816,0.494,9,-9.827,1,0.0426,0.0621,0.000061,0.0999,0.336,116.973,143404,R&B/Soul
tracks,7,Say You Love Me,MYMP,Versions,spotify:track:4a6pgERixWg4XWU4yWqk4z,0.82,0.403,9,-8.504,0,0.0471,0.766,0,0.117,0.464,96.63,1179939,Pop
tracks,8,by oneself,J_ust,T_wo,spotify:track:5weHqDeCSuY8eaudZfp7IJ,0.445,0.206,9,-9.935,1,0.0378,0.858,0,0.123,0.435,121.456,210456,K-Indie
tracks,9,Shivers (feat. Jessi & SUNMI),Ed Sheeran,Shivers (feat. Jessi & SUNMI),spotify:track:1A3T3npKsrElQTjTEcr3LR,0.739,0.873,2,-2.595,1,0.0878,0.268,0,0.0454,0.863,141.026,12556816,Electronic/Dance
tracks,10,She makes me wonder,the engy,Say it,spotify:track:5yvo81JZBSjOxHmytmTWYm,0.731,0.583,0,-4.463,1,0.0469,0.0556,0,0.0648,0.684,87.021,3065295,Pop
tracks,11,soft start,slchld,happy campers,spotify:track:62Ihfin7cf2qMOMfogXRpl,0.61,0.496,9,-8.592,1,0.0589,0.761,0,0.116,0.139,132.062,2595577,K-Indie
tracks,12,Eternal Sunshine,Seo actor,Eternal Sunshine 1/2,spotify:track:2iEykY8EqjYrG3Gz7GdpMu,0.627,0.459,0,-6.583,1,0.0481,0.775,0,0.0744,0.728,139.881,11475017,K-pop
tracks,13,Tap In,Saweetie,Tap In,spotify:track:4Hpib09wXgD84w4uwTPnYD,0.954,0.696,10,-7.117,0,0.204,0.00576,0.000498,0.0754,0.432,100.036,229649,Hip Hop/Rap
tracks,14,醉後喜歡我,冰球樂團,我好斯文,spotify:track:0OXINTkSPTozv82CWvDbTa,0.536,0.62,1,-5.779,1,0.0473,0.284,0,0.115,0.389,160.157,3218202,M-pop
tracks,15,always,keshi,always,spotify:track:26dXOkhzMxLLNaUXt77HQc,0.629,0.495,9,-6.86,1,0.103,0.539,0.000231,0.0326,0.548,89.773,683151,K-Indie
tracks,16,Empire State Of Mind,JAY-Z,The Blueprint 3,spotify:track:2igwFfvr1OAGX9SKDCPBwO,0.491,0.956,11,-1.538,1,0.392,0.0295,0,0.46,0.811,173.585,4125233,Pop
tracks,17,Azukita,Steve Aoki,Neon Future III,spotify:track:6tSaMs79oJxK3VZ7QFgoTj,0.715,0.93,8,-3.925,1,0.108,0.00158,0.000318,0.0589,0.824,130.025,9810398,Electronic/Dance
tracks,18,I.F.L.Y.,Bazzi,Soul Searching,spotify:track:4a6q8CR2hzLk2plDkSxkfD,0.812,0.519,2,-4.823,1,0.0385,0.379,0,0.13,0.554,104.954,171797,Pop
tracks,19,HONEY (Feat. Crucial Star),Chawoo,HONEY,spotify:track:2Lt1ZRU6nFY88vw24GdYLy,0.759,0.495,5,-4.878,1,0.0356,0.59,0,0.0491,0.746,95.008,610214,K-pop
tracks,20,Officially Missing You,Tamia,More,spotify:track:4IFYR5smTnHYCLP82AiDrJ,0.476,0.407,4,-9.239,0,0.0368,0.247,0,0.144,0.226,178.258,26590225,K-pop
tracks,21,刻在我心底的名字 (Your Name Engraved Herein) - 電影<刻在你心底的名字>主題曲,Crowd Lu,刻在我心底的名字 (Your Name Engraved Herein),spotify:track:3OC84eKMxRJ4x0Hcwl9i4i,0.425,0.201,10,-11.961,1,0.0373,0.873,0,0.111,0.267,136.328,2591427,M-pop
tracks,22,Officially Missing You,Geeks,Officially Missing You,spotify:track:7CkjU55ROZSwb95dzGan0o,0.661,0.714,7,-5.524,1,0.114,0.641,0,0.287,0.775,92.979,26590225,Hip Hop/Rap
tracks,23,Love Like That,LambC,Absence 'Side A',spotify:track:7pnBMz4MiFIwFXSa4nSJcJ,0.761,0.406,2,-6.617,1,0.109,0.342,0.0315,0.311,0.85,154.06,4873637,K-pop
tracks,24,Lazy Me,Sandeul,Lazy Me,spotify:track:7IKiYUKvU394eoRD9TYDfJ,0.718,0.378,1,-7.167,0,0.0359,0.664,0,0.0945,0.462,75.02,17094,Pop
tracks,25,I Wonder (feat. Erin Kim),Gowe,We Are Hypergiants,spotify:track:0VBl0voPshypPV7ozSNWeo,0.462,0.952,1,-3.672,0,0.275,0.324,0,0.169,0.797,82.676,977991,R&B/Soul
tracks,26,S.C.H (Small but Certain Happiness),Standing Egg,S.C.H (Small but Certain Happiness),spotify:track:1Xsw6tFFDKniy1eZg6QEY9,0.676,0.451,4,-7.966,1,0.0367,0.373,0.000002,0.154,0.839,172.038,5953718,K-Indie
tracks,27,Put Your Records On,Corinne Bailey Rae,Corinne Bailey Rae,spotify:track:2nGFzvICaeEWjIrBrL2RAx,0.739,0.511,9,-7.844,1,0.0362,0.167,0.000001,0.133,0.542,96.038,2570818,R&B/Soul
tracks,28,演員,Joker Xue,初學者,spotify:track:6LunoYd3xpZ19sICOXS8Xd,0.53,0.432,11,-10.678,1,0.0472,0.399,0.000008,0.113,0.186,182.842,465287,M-pop
tracks,30,Someday (feat. Sam Kim),Raisa,Someday (feat. Sam Kim),spotify:track:3qLB2wOemocrMXmjoL1QQw,0.52,0.536,9,-6.759,0,0.0342,0.535,0,0.115,0.2,73.069,14977759,R&B/Soul
tracks,31,空空如也,Ren Ran,空空如也,spotify:track:6ipLJpVGwldtju0toRAAP2,0.605,0.576,6,-6.161,1,0.106,0.302,0,0.17,0.472,156.138,256997,M-pop
tracks,32,Pupila,ANAVITÓRIA,Pupila,spotify:track:7Gk5OrMYaMRtT2JmgJVAfk,0.716,0.426,10,-9.576,1,0.128,0.401,0,0.11,0.434,88.794,1117759,Pop
tracks,33,"我多喜歡你,你會知道 - 網劇《致我們單純的小美好》推廣曲",Wang Jun Qi,"我多喜歡你,你會知道",spotify:track:221FBKC22DTc7XkPIaZYOl,0.777,0.35,3,-10.179,1,0.0333,0.526,0,0.13,0.516,108.024,4946717,M-pop
tracks,34,Attraction (feat. Dynamo Duo),BUMKEY,Attraction,spotify:track:784rsBTfzmYwvwlFvUXyn5,0.525,0.848,0,-4.649,1,0.259,0.262,0,0.336,0.714,91.514,14816084,K-pop
tracks,35,Meant To Be,Olly James,Meant To Be,spotify:track:2MwWgsJTQOFZqY12zctYKc,0.645,0.941,8,-4.287,0,0.0466,0.00273,0.784,0.0792,0.275,150.012,1288419,R&B/Soul
tracks,36,Café Latte (Remix),Geeks,2nd Mini Album Repackage,spotify:track:4zxX4B4VReU3jz2eJvmiZX,0.813,0.482,0,-8.027,0,0.0368,0.561,0.000096,0.0819,0.428,97.987,7724647,K-pop
tracks,37,BABY I LOVE U feat.竹内美宥,kobasolo,これくしょん2,spotify:track:03VYHPFa7dQLLcYl6E7RpA,0.421,0.496,6,-6.744,1,0.0591,0.478,0.000021,0.114,0.288,185.413,4912259,J-pop
tracks,38,Sweet Love (She is My Type♡ X Crush),Crush,Sweet Love (She is My Type♡ X Crush),spotify:track:6pdQ3ZOlqKj6j2Kh0FptOD,0.697,0.735,0,-4.779,0,0.0541,0.277,0,0.13,0.592,149.995,863973,K-pop
tracks,40,Cheap Thrills,Sia,This Is Acting (Deluxe Version),spotify:track:3S4px9f4lceWdKf0gWciFu,0.628,0.698,6,-5.608,0,0.105,0.0472,0.00143,0.0907,0.732,89.976,1160,Pop
tracks,41,huge mood,slchld,modern breakups,spotify:track:6pL2RWIBCr0Oqzc5eQKQNW,0.574,0.648,11,-5.79,0,0.0954,0.629,0,0.109,0.358,129.711,3096643,K-Indie
tracks,42,Sleep,Kim Greem,"Clean With Passion For Now, Pt. 4 (Original Television Soundtrack)",spotify:track:4KOe53FTZo3OfiZwNBnTe3,0.607,0.478,11,-7.775,0,0.0533,0.636,0.00007,0.126,0.131,139.727,4268289,K-Indie
tracks,43,Bad Girl Good Girl,miss A,A Class,spotify:track:7kTKAdVVlDxve6Qr7Hm7Qc,0.793,0.805,10,-4.224,1,0.0438,0.1,0.00009,0.0641,0.507,135.987,6298141,K-pop
tracks,44,Soft,J_ust,Soft,spotify:track:4Lw5mDrFF5VdRdoFWKAn6m,0.686,0.332,9,-7.586,1,0.0324,0.769,0,0.0684,0.399,148.071,10856462,K-Indie
tracks,45,就忘了吧,1K,就忘了吧,spotify:track:0l6w3GsvjJWdZHs3eXTjuL,0.524,0.653,10,-6.011,1,0.0325,0.488,0,0.241,0.41,131.979,10458199,M-pop
tracks,46,Psycho,Red Velvet,‘The ReVe Festival’ Finale,spotify:track:3CYH422oy1cZNoo0GTG1TK,0.664,0.666,8,-2.203,1,0.0446,0.193,0,0.0854,0.405,139.987,4326724,K-pop
tracks,47,Running Through The Night,Seori,?depacse ohw,spotify:track:3UZ46DvXvB2R7sBUZornlv,0.644,0.532,0,-6.541,1,0.0562,0.455,0,0.266,0.64,92.039,413619,R&B/Soul
tracks,48,I'm Still Loving You,Shiga Lin,Movin' On,spotify:track:4rOxOFYrYzl71sJ2Y4Nu0f,0.398,0.4,11,-7.666,1,0.0328,0.452,0,0.125,0.322,134.435,2236955,Pop
tracks,49,Innocence,Avril Lavigne,The Best Damn Thing (Expanded Edition),spotify:track:5OuP08bgU2H7ZeDQQFQ6q8,0.389,0.711,1,-3.664,0,0.0343,0.148,0,0.202,0.337,137.756,1832134,R&B/Soul
tracks,50,I'm In Love,Colde,I'm In Love,spotify:track:5xv9DhjYckZoZwXifGrkQw,0.614,0.333,10,-8.883,1,0.0325,0.645,0,0.0819,0.661,140.059,5738900,K-pop
tracks,51,Nothing's gonna be changed,Woody,Nothing's gonna be changed,spotify:track:17csHY9O2lt4H5Kp6NZZWT,0.388,0.524,10,-6.031,1,0.146,0.545,0,0.214,0.615,78.762,14418749,K-Indie
tracks,52,下雨天,Nan Quan Mama,優的良曲南搞小孩,spotify:track:3BfjVIPmUpIrgqLdOJP1My,0.526,0.551,4,-6.757,1,0.0286,0.595,0,0.372,0.275,127.967,13821136,M-pop
tracks,53,Be My Love,EXO-CBX,LOVE PLAYLIST 4 Part.1,spotify:track:1FbxpeYh1qPvQMve046NQU,0.585,0.587,1,-4.948,1,0.0273,0.766,0,0.114,0.608,90.021,1024371,K-pop
tracks,54,Tití Me Preguntó,Bad Bunny,Un Verano Sin Ti,spotify:track:1IHWl5LamUGEuP4ozKQSXZ,0.65,0.715,5,-5.198,0,0.253,0.0993,0.000291,0.126,0.187,106.672,8240703,Electronic/Dance
tracks,55,"눈,코,입 (Eyes, Nose, Lips)",TAEYANG,RISE,spotify:track:0lYtIvI7bO51PZSeK22Mbz,0.63,0.516,0,-5.759,1,0.0379,0.736,0,0.264,0.254,143.786,1769246,K-pop
tracks,56,그리워요 Girlfriend,Henry,그리워요 Girlfriend,spotify:track:7CftkRcIuc5bjTd6IG8oU6,0.633,0.439,9,-6.866,1,0.0504,0.813,0,0.0917,0.281,78.984,2704357,K-pop
tracks,57,Your Imagination,Ghaniyya ghazi,Your Imagination,spotify:track:2z6YOVDEI7JDXHQP5QhGNA,0.639,0.502,4,-7.479,0,0.0755,0.415,0.000174,0.114,0.249,134.765,25998435,R&B/Soul
tracks,59,You don’t know love,K.Will,Will in FALL,spotify:track:5zWWdqa4BF8tjygCS8E3rO,0.649,0.708,0,-5.508,1,0.0458,0.519,0,0.458,0.709,96.975,9652851,K-pop
tracks,60,Friday Blues,Dalda,Friday Blues,spotify:track:4h7cWN1SvevARfXqznXqT5,0.791,0.694,1,-4.591,0,0.116,0.77,0.000434,0.121,0.683,101.931,1250012,K-pop
tracks,61,I Wanna Hate You,Boramiyu,I Wanna Hate You,spotify:track:7A804vozvCd4ZJxnBoza8L,0.491,0.465,8,-5.794,1,0.0433,0.658,0,0.0707,0.27,113.197,543571,K-pop
tracks,62,Can’t Take My Eyes off You,Joey Stamper,Can’t Take My Eyes off You,spotify:track:3JHra3AFyPcxiw3wVjFUjA,0.554,0.198,4,-10.024,1,0.0365,0.74,0,0.104,0.455,109.709,4598601,R&B/Soul
tracks,63,呆我眼睛里,张天枢Dubhe,呆我眼睛里,spotify:track:3yoSrhkcW3aTXdwRyGOi0T,0.792,0.433,8,-7.422,1,0.0604,0.401,0,0.116,0.595,89,5624122,M-pop
tracks,64,Only Tears,INFINITE,Only Tears,spotify:track:0JsHTVSTotpbHC7hR7gvf0,0.463,0.296,2,-7.392,1,0.0276,0.681,0,0.101,0.15,137.525,393810,K-pop
tracks,65,Without U,Who R U?,Without U,spotify:track:11uy6ciSwtQmKcHehUCFk3,0.527,0.42,7,-5.37,1,0.0294,0.906,0,0.149,0.429,66.751,7359151,K-pop
tracks,66,Like a Breeze (電視劇《以家人之名》插曲) [伴奏版],譚松韻,電視劇《以家人之名》原聲帶,spotify:track:1AEYOjPhyrHQLMXuz7I4Nu,0.635,0.583,6,-8.479,1,0.0648,0.343,0.00126,0.111,0.245,171.995,6247837,M-pop
tracks,67,PLAYING WITH FIRE,BLACKPINK,SQUARE TWO,spotify:track:7e7VjLxO5xJINHvnRytrqi,0.707,0.758,4,-4.511,0,0.0917,0.0399,0,0.141,0.674,97.037,4792259,K-pop
tracks,68,Under the night we were facing our breakup,J_ust,T_wo,spotify:track:0H1aG96BRR4VfDayFuEZ4C,0.541,0.326,11,-7.981,1,0.0278,0.62,0,0.121,0.208,136.086,3350528,K-Indie
tracks,70,Flame,Tinashe,Flame,spotify:track:4lH5AKFeldnkq8wRikIqWP,0.631,0.845,5,-3.143,1,0.0489,0.0577,0,0.0999,0.53,81.995,194091,R&B/Soul
tracks,71,Love song,Kim Eunbi,My Secret Romance OST Part.3,spotify:track:2ZMtGCPpapsOBfHqAqKAIU,0.674,0.668,7,-6.489,1,0.0456,0.194,0,0.535,0.487,90.978,681561,K-pop
tracks,72,Girl,Alexander 23,I'm Sorry I Love You - EP,spotify:track:4yYeePS9C7q9iJuxvNCpnF,0.927,0.43,5,-5.336,0,0.115,0.392,0.000002,0.159,0.962,99.975,7770252,Pop
tracks,73,지운 얼굴 (Familiar Face),Rain,It's Raining,spotify:track:59CYOWfGI9HEtxv4b4sTvx,0.706,0.698,8,-3.87,0,0.0446,0.522,0,0.236,0.594,95.991,8756424,K-pop
tracks,74,Lost Cause,Billie Eilish,Happier Than Ever,spotify:track:4191RXFPa7Ge9XkA4cWlna,0.526,0.334,10,-8.491,0,0.251,0.702,0.00782,0.0586,0.522,74.966,23982746,Pop
tracks,75,向日葵盛開的夏天,F.I.R.,讓我們一起微笑吧 !,spotify:track:4oywWk94mQoPNOCk3pXjbj,0.516,0.272,9,-10.373,0,0.0274,0.829,0,0.0954,0.167,76.985,570730,M-pop
tracks,76,Start It Up,Lloyd Banks,H.F.M. 2 (Hunger For More 2),spotify:track:37qcaCXw7TlBsDD5BgDoCf,0.446,0.87,1,-4.683,1,0.318,0.0935,0,0.437,0.438,161.79,174219,Hip Hop/Rap
tracks,78,Pink cheeks,Eldon,Pink cheeks,spotify:track:4HaI6qDEZYHG0sQnd54FDQ,0.833,0.498,6,-4.509,1,0.0407,0.386,0.000012,0.118,0.701,95.017,984725,K-pop
tracks,79,LINDA (Feat. Yoonmirae),LINDA.G,DU RI JYU WA X LINDA X Let's Dance,spotify:track:5MsXTNu6DS3Qx5Ms7pTuoX,0.765,0.699,7,-2.288,0,0.0447,0.585,0,0.129,0.661,89.904,5105041,K-pop
tracks,81,Y (Please Tell Me Why),freestyle,Freestyle 3,spotify:track:1nk9moKBnrWMsXoHxnaeJd,0.708,0.432,5,-7.113,0,0.0556,0.81,0.00006,0.154,0.628,79.986,900446,R&B/Soul
tracks,82,Thinkin' bout you,OuiOui,HANA,spotify:track:21DduanRJyq1KNV4h1DyWH,0.663,0.569,5,-5.115,0,0.278,0.646,0,0.304,0.725,85.101,5214721,R&B/Soul
tracks,83,誰 - 電視劇《怪你過分美麗》插曲,王子異,誰,spotify:track:1qxFgvSDIjFHUppGBNhxjm,0.494,0.473,9,-8.533,1,0.0293,0.788,0.000002,0.139,0.399,129.726,6186876,M-pop
tracks,84,Come Back To Me,SE7EN,Just Listen.......,spotify:track:4ezlt6ciGxes2ctqphnKVU,0.768,0.565,10,-6.668,1,0.0273,0.309,0,0.107,0.796,131.987,278,R&B/Soul
tracks,86,"I want to see you again (Feat. DAL, KIMPRO)",SUNNYSIDEMJ,I want to see you again,spotify:track:2mGGCB6OgZ2sKAS6XRlvrK,0.682,0.608,7,-6.414,1,0.0316,0.322,0,0.101,0.388,95.943,8052767,K-Indie
tracks,89,Strawberries & Cigarettes,Troye Sivan,Strawberries & Cigarettes,spotify:track:3afkJSKX0EAMsJXTZnDXXJ,0.578,0.537,,-8.676,1,0.0832,0.162,0,0.076,0.25,83.909,4797946,Pop
tracks,90,bad guy,Billie Eilish,"WHEN WE ALL FALL ASLEEP, WHERE DO WE GO?",spotify:track:2Fxmhks0bxGSBdJ92vM42m,0.701,0.425,7,-10.865,,0.375,0.328,0.13,0.1,0.562,135.128,11110400,Pop
tracks,91,Good Night,Lil Ghost小鬼,Good Night,spotify:track:33Qwrm9m7K9zkstO26yySn,0.683,0.861,3,-6.666,0,0.418,0.296,0,0.134,0.652,77.985,25253122,M-pop
tracks,92,Falling for You,Marylou Villegas,Voice Memos,spotify:track:0VaSOp1bNxUGkXVeaEsuen,0.554,0.0654,0,-17.153,1,0.0434,0.983,0,0.105,0.151,80.046,6129,Pop
tracks,93,LA NOCHE DE ANOCHE,Bad Bunny,EL ÚLTIMO TOUR DEL MUNDO,spotify:track:2XIc1pqjXV3Cr2BQUGNBck,0.856,0.618,7,-4.892,1,0.286,0.0303,0,0.0866,0.391,81.993,1413397,Electronic/Dance
tracks,94,"만약에 (From. ""드라마 쾌도 홍길동"")",TAEYEON,인연,spotify:track:1BHLy0efFQ8FFxyxgJtTMf,0.527,0.378,9,-6.527,1,0.0289,0.82,0,0.115,0.283,145.871,4806,K-pop
tracks,95,Breaking,HIGHST,Breaking,spotify:track:1W736gzUlOsk3NIjho5Pib,0.679,0.644,2,-5.949,0,0.0378,0.506,0,0.0822,0.604,120.953,20238110,K-pop
tracks,96,Get to You Again,Mac Ayres,Something to Feel,spotify:track:5pNiAcguRrBdYf5V0QXdir,0.499,0.429,3,-10.288,1,0.0495,0.199,0.000311,0.334,0.277,117.751,2693940,R&B/Soul
tracks,97,Sexxx Dreams,Lady Gaga,ARTPOP,spotify:track:0kS6GezxkbM5YXffQFnID6,0.674,0.715,8,-4.337,1,0.0493,0.0281,0,0.0894,0.381,113.942,3811453,Electronic/Dance
tracks,98,double take,dhruv,double take,spotify:track:2CVChktEKBsM6v4IfdFU5k,0.654,0.434,8,-11.163,1,0.0665,0.837,0,0.216,0.223,109.069,645210,R&B/Soul
tracks,99,deja vu,Olivia Rodrigo,deja vu,spotify:track:61KpQadow081I2AsbeLcsb,0.439,0.61,9,-7.236,1,0.116,593,0.000011,0.341,0.172,181.088,5168071,R&B/Soul
tracks,100,屋頂,Landy Wen,有點野,spotify:track:2edBRoaI2F2ST6WK0jdLUX,0.272,0.352,3,-9.159,1,0.0299,0.519,0,0.167,0.139,175.48,27317,M-pop
tracks,101,7710,尹露浠,7710,spotify:track:5E9Jryr9l7GQ5tmnxuzKSI,0.736,0.527,3,-7.355,1,0.0469,0.582,0,0.0616,0.524,131.981,6376076,M-pop
tracks,102,BOOM,Tiësto,BOOM,spotify:track:6iC7vapdKp0XlKhxOkp8QJ,0.886,0.84,2,-3.386,1,0.0502,0.0164,0.00622,0.329,0.203,123.035,5661064,Electronic/Dance
tracks,103,bad guy (with Justin Bieber),Billie Eilish,bad guy (with Justin Bieber),spotify:track:3yNZ5r3LKfdmjoS3gkhUCT,0.67,0.453,0,-11.265,1,0.295,0.252,0.33,0.117,0.68,135.055,3855560,Pop
tracks,104,Lose,WONHO,Love Synonym #2 : Right for Us,spotify:track:5aDG6JuUDcOoh3Ur1ddEgV,0.756,0.865,0,-4.259,0,0.0577,0.184,0.000825,0.202,0.446,116.999,609960,K-pop
tracks,105,愛上你,BY2,成人禮,spotify:track:0xjuZp72n5Aw4PzjQ18t9d,0.5999,0.423,9,-7.491,1,0.0314,0.791,0,0.0807,0.327,127.902,1996925,M-pop
tracks,106,Say I Love U,Kim Mi Jeong,"Love Interference Season3 (Original Television Soundtrack), Pt. 17",spotify:track:1qwn1cLzaOKb501YwbuF1H,0.76,0.375,4,-3.895,1,0.0393,0.842,0.000002,0.106,0.773,91.99,433129,Undefinied
tracks,107,Only One,BoA,Only One - The 7th Album,spotify:track:3Hyl7YrOtBcnh1geON2kSO,0.641,0.645,0,-6.54,1,0.0366,0.136,0.000145,0.145,0.546,90.027,4876313,K-pop
tracks,108,學不會,JJ Lin,學不會,spotify:track:4189WkgFJTybrDviyQbmdm,0.453,0.604,3,-4.897,0,0.0349,0.67,0,0.0981,0.203,123.716,623794,M-pop
tracks,109,Lover Boy 88,88rising,Head In The Clouds,spotify:track:2vRDFgdJiILUdDOLL8hLH3,0.734,0.699,11,-6.689,1,0.0614,0.349,0,0.261,0.5,109.979,4558569,M-pop
tracks,110,"Officially missing you,too",Geeks,re;code Episode I,spotify:track:1HOcUR5aloWDwLAsPtWwel,0.686,0.831,7,-4.488,1,0.0481,0.12,0,0.0823,0.579,100.013,6106873,K-pop
tracks,111,九月底,余佳运,九月底,spotify:track:3Ra8ZvDyV2hLxGSIOu6ubh,0.588,0.361,10,-10.286,1,0.0413,0.681,0,0.26,0.14,131.868,19488493,M-pop
tracks,112,Officially Missing You,Jayesslee,Officially Missing You,spotify:track:6ISfsK0fMMSx6mQ8TbnKhM,0.714,0.399,7,-6.865,1,0.0277,0.783,0.000003,0.0912,0.43,93.973,26590225,K-pop
tracks,113,Talking to the Moon,Bruno Mars,Doo-Wops & Hooligans,spotify:track:161DnLWsx1i3u1JT05lzqU,0.498,0.59,1,-4.721,0,0.032,0.511,0,0.107,0.0784,145.867,2325891,R&B/Soul
tracks,115,maybe we need a break,slchld,modern breakups,spotify:track:3Lr7NDSn4xKGa1dzMdGkBj,0.446,0.409,9,-4.812,1,0.0543,0.766,0,0.0891,0.349,80.67,1231174,K-Indie
tracks,116,Love Me Like That,Sam Kim,"Nevertheless, (Original Television Soundtrack, Pt. 6)",spotify:track:1lhm29o3syw122xynSKaAK,0.59,0.294,9,-8.125,1,0.0654,0.854,0,0.0873,0.461,87.895,6906701,R&B/Soul
tracks,117,Gangsta Walk - Remastered,Avila,Gangsta Walk (Remastered),spotify:track:0556yKWHvHOwbBPaBx35ay,0.855,0.661,7,-5.767,1,0.0779,0.00151,0.00448,0.0968,0.798,120.016,3715774,Electronic/Dance
tracks,118,My Boo,Usher,Confessions (Expanded Edition),spotify:track:68vgtRHr7iZHpzGpon6Jlo,0.662,0.507,5,-8.238,1,0.118,0.257,0,0.0465,0.676,86.412,388035,R&B/Soul
tracks,119,Babo (feat. nafla) - Acoustic Version,Babylon,CAELO,spotify:track:7KLKXIfYCvAC6BOGXRUDNi,0.752,0.436,8,-6.581,0,0.0539,0.693,0,0.114,0.475,84.993,455890,R&B/Soul
tracks,120,34+35,Ariana Grande,Positions,spotify:track:6Im9k8u9iIzKMrmV7BWtlF,0.83,0.585,0,-6.476,1,0.094,0.237,0,0.248,0.485,109.978,754571,R&B/Soul
tracks,121,Crew,Sam Rui,Crew,spotify:track:0NdRkDnqHDIgMEmNd9Q9FC,0.574,0.345,5,-10.038,0,0.0414,0.711,0.000016,0.137,0.26,167.972,2685867,K-pop
tracks,122,Kiss Me,Zion.T,"Pinocchio (Original Television Soundtrack), Pt. 6",spotify:track:3EocPCqWc02mv9UF9iFneF,0.622,0.142,10,-11.987,1,0.0309,0.912,0,0.16,0.54,98.829,608747,Electronic/Dance
tracks,123,Hypnocurrency,Rezz,Hypnocurrency,spotify:track:3evAUkYDPeLX5kn0LbvGz4,0.528,0.732,2,-9.492,1,0.0504,0.0319,0.868,0.109,0.0324,199.978,5336797,Electronic/Dance
tracks,124,Alors on danse - Radio Edit,Stromae,Cheese,spotify:track:2GYHyAoLWpkxLVa4oYTVko,0.791,0.59,1,-9.206,0,0.0793,0.0994,0.00203,0.065,0.714,119.951,5033148,Undefinied
tracks,125,Love Rain,YUJU,Love Rain,spotify:track:4T5fM8eGg5Pj6PLtIGLeU5,0.469,0.631,5,-5.016,0,0.0926,0.127,0,0.399,0.643,173.689,3312092,J-pop
tracks,126,First Love,Hikaru Utada,First Love,spotify:track:39HrUxcvKF3jtLz7fUDWXc,0.438,0.434,7,-8.37,1,0.0371,0.122,0,0.15,0.195,179.913,2617593,J-pop
tracks,127,たぶん,YOASOBI,THE BOOK,spotify:track:398dL22bDbKbAmiOnPaq7o,0.748,0.661,5,-6.702,1,0.0334,0.157,0.00102,0.101,0.743,90.003,12587678,K-pop
tracks,128,Please don’t…,K.Will,The 3rd Album Part.1,spotify:track:5dh87xGcp4YqDFBc86Mh47,0.698,0.694,11,-5.5,0,0.0321,0.44,0.000004,0.308,0.489,94.998,1085870,K-Indie
tracks,129,Rain Drop,Standing Egg,Dramatic,spotify:track:3LDbfsA00YUZGNS89U8mOF,0.685,0.442,6,-5.173,1,0.0375,0.903,0.000002,0.103,0.49,77.998,372702,R&B/Soul
tracks,130,One Night Only,Sonder,One Night Only,spotify:track:74fQgHleHZ4V7Gm1XYcGkj,0.874,0.402,4,-5.786,1,0.0691,0.263,0.00094,0.147,0.764,119.99,628639,Hip Hop/Rap
tracks,132,Like a Breeze (電視劇《以家人之名》插曲),譚松韻,電視劇《以家人之名》原聲帶,spotify:track:16ri6UJFw9WLF8qdiks0Fv,0.556,0.511,6,-6.613,1,0.0592,0.441,0,0.11,0.577,171.615,5864883,M-pop
tracks,133,"不將就 (電影""何以笙簫默""片尾曲)",Ronghao Li,有理想,spotify:track:5DH8nF7aWoXXg5Sm3gjCWD,0.51,0.456,0,-7.773,1,0.0282,0.418,0,0.12,0.237,143.787,1617222,Electronic/Dance
tracks,134,Dancin - Krono Remix,Aaron Smith,Ibiza 2019,spotify:track:4IlqQhaxrGPxmg35YcXXuS,0.751,0.727,10,-9.789,0,0.0304,0.0442,0.0338,0.1,0.28,119.982,3886752,K-Indie
tracks,135,drunk,keshi,always,spotify:track:6D6HVKe7Qu3imn4zzJD0W9,0.691,0.389,4,-8.247,1,0.0367,0.765,0,0.0941,0.306,104.952,516335,R&B/Soul
tracks,136,Daylight,JAIE,Daylight,spotify:track:1wcKxD2fwxu0yK5SGqVJNo,0.688,0.237,9,-14.109,1,0.0408,0.544,0.000018,0.155,0.183,129.968,3065521,Electronic/Dance
tracks,137,Oops!...I Did It Again,Britney Spears,Oops!... I Did It Again,spotify:track:6naxalmIoLFWR0siv8dnQQ,0.751,0.834,1,-5.444,0,0.0437,0.3,0.000018,0.355,0.894,95.053,7899759,Hip Hop/Rap
tracks,138,Wii Tennis,Splash Daddy,Wii Tennis,spotify:track:7C9kXo2THfHdGPlaN78kg6,0.952,0.579,7,-8.923,1,0.39,0.35,0.000002,0.136,0.483,128.024,416434,K-pop
tracks,139,강남역 4번출구,Plastic,Love Falling,spotify:track:6S0xpqsR8PVBWLudw4frFK,0.777,0.502,5,-4.242,1,0.0294,0.552,0,0.0764,0.75,95.022,1786873,K-pop
tracks,140,Winter Song,Isyana Sarasvati,Paradox,spotify:track:0X7K8nxTgOBUr5VMTLG8hS,0.725,0.461,0,-9.184,0,0.0839,0.717,0.0134,0.12,0.298,115.968,386317,K-pop
tracks,142,A.E.I.O.U.,HOHYUN,A.E.I.O.U.,spotify:track:1lBqYNCeGVFZBiir7lXJGU,0.719,0.328,8,-10.499,1,0.0769,0.276,0,0.112,0.483,120.123,646322,K-pop
tracks,143,I'm In Love (with 정성하),NARSHA,NARSHA,spotify:track:064lcSgMcllMmVlP0oxlJD,0.585,0.296,5,-8.305,1,0.0481,0.836,0,0.102,0.329,139.995,3449203,Pop
tracks,144,wish you were gay,Billie Eilish,wish you were gay,spotify:track:4txc3txsIt81diMzGhrVPS,0.853,0.351,7,-10.198,1,0.241,0.39,0.000009,0.752,0.282,118.028,7624120,Pop
tracks,145,Missing you,FLY TO THE SKY,Back in Time,spotify:track:24UgvaHnAvKOysqdkZ1B8L,0.568,0.634,0,-4.818,1,0.0404,0.541,0,0.116,0.299,133.829,804982,Pop
tracks,146,ily (i love you baby) (feat. Emilee),Surf Mesa,ily (i love you baby) (feat. Emilee),spotify:track:62aP9fBQKYKxi7PDXwcUAS,0.674,0.774,11,-7.567,0,0.0892,0.0686,0.00188,0.393,0.33,112.05,2857503,Pop
tracks,147,i love you baby,Emilee,i love you baby,spotify:track:124lzQbZK2jQZqwTq8jt2n,0.763,0.475,4,-8.213,1,0.0431,0.52,0,0.239,0.562,90.007,4298576,R&B/Soul
tracks,148,Speechless,Lady Gaga,The Fame Monster,spotify:track:1pWZZfszgiDVIzbQLs50Cy,0.386,0.697,0,-4.182,1,0.0383,0.436,0,0.337,0.407,145.091,830183,K-Indie
tracks,149,Love & City Lights,YAØ,Love & City Lights,spotify:track:2lGQJuNsRG289zdlZmDHR2,0.562,0.406,1,-8.71,0,0.0357,0.443,0.000003,0.0673,0.325,170.039,34025674,M-pop
tracks,150,我們的故事,Tension,Smart?,spotify:track:5jHui9rDOvE84VzyddLHVh,0.67,0.438,9,-8.045,1,0.0333,0.615,0.000001,0.227,0.339,112.992,18110690,M-pop
tracks,151,大笨鐘,Jay Chou,十二新作,spotify:track:2hjTSnSYU25he80XAWie4y,0.579,0.617,4,-6.78,1,0.0354,0.0527,0.00001,0.0967,0.248,148.019,2333450,K-Indie
tracks,152,"Bravo, My Life!",Eric Nam,"Prison Playbook (Original Television Soundtrack), Pt. 4",spotify:track:5BBJVVFagaIaw6O6dnNfJx,0.658,0.502,10,-6.153,1,0.0334,0.662,0,0.122,0.304,77.016,7091216,Pop
tracks,153,Wish you were gay,JAMIE,Begin Again Open MIC EPISODE. 4,spotify:track:1nnnOdy0HG5iRRP6c4H6lV,0.549,0.31,7,-7.3,1,0.0449,0.845,0,0.103,0.222,121.852,7624120,R&B/Soul
tracks,154,tonight,demxntia,goodnight,spotify:track:1869eRZA3YeXKKKwmViVO1,0.716,0.632,5,-7.102,1,0.0837,0.255,0.546,0.124,0.408,170.1,2172981,M-pop
tracks,155,愛笑的眼睛,JJ Lin,她說,spotify:track:2SxXpn73WqM4zWhmWxeQ4s,0.648,0.423,1,-7.114,1,0.0312,0.759,0,0.103,0.397,132.633,1516257,Electronic/Dance
tracks,156,Nice Body (feat. Locco),Hyomin,Make Up,spotify:track:4JhtgykFbxH5v37hENn7mk,0.733,0.808,0,-3.342,1,0.0314,0.117,0,0.0413,0.863,98.023,7845228,Hip Hop/Rap
tracks,157,My Love (feat. T.I.),Justin Timberlake,FutureSex/LoveSounds Deluxe Edition,spotify:track:4NeOWqHmlrGRuBvsLJC9rL,0.771,0.68,11,-5.881,0,0.224,0.277,0.000012,0.682,0.808,119.952,23105070,Undefinied
tracks,158,Bleeding Love,Ni/Co,"Songs We Wish We Wrote, Vol.1",spotify:track:76sgjzdGEIMrlQSEZ5fWXS,0.695,0.195,3,-11.832,1,0.0366,0.929,0,0.106,0.214,101.924,6592703,Undefinied
tracks,159,Greek Tragedy - Oliver Nelson TikTok Remix,The Wombats,Greek Tragedy,spotify:track:64rqvMhAPLLEag310IG3z9,0.736,0.764,8,-6.736,0,0.0482,0.22,0.00154,0.192,0.404,112.033,179097,Pop
tracks,160,Dream with You,BLVMENKIND,Dream with You,spotify:track:4Xevankg1soVEDpsaT8jN3,0.702,0.68,5,-8.758,0,0.0398,0.301,0.00319,0.848,0.309,122.968,9773642,R&B/Soul
tracks,161,instagram,DEAN,instagram,spotify:track:6z1kLsntE7FuzKZHZWrXYN,0.463,0.566,8,-6.195,1,0.145,0.196,0,0.284,0.219,93.921,4380345,R&B/Soul
tracks,162,Love In My Pocket,Rich Brian,1999,spotify:track:2NZ2hBqes4aKSmt5Gsxnub,0.832,0.615,0,-7.948,0,0.0351,0.02,0,0.11,0.77,113.017,8806419,Hip Hop/Rap
tracks,163,Maybach (feat. Future),42 Dugg,Free Dem Boyz,spotify:track:2Qt8qG9SWPdtRiaWcPNJRm,0.735,0.446,5,-10.232,1,0.109,0.0071,0.000019,0.173,0.121,150.915,1648945,Electronic/Dance
tracks,164,2045,Steve Aoki,Neon Future IV,spotify:track:1yhpeYO1uzMl4cRMSqq07F,0.614,0.863,4,-4.755,0,0.0448,0.000457,0.643,0.342,0.488,127.017,12696816,M-pop
tracks,165,唯一Remix,政学Zed-X,唯一Remix,spotify:track:5STRiBeSCodTx9DUsvYomL,0.519,0.322,5,-8.929,1,0.0484,0.458,0,0.0824,0.466,94.415,30604032,R&B/Soul
tracks,166,sex money feelings die,Lykke Li,so sad so sexy,spotify:track:0g4fzRkbLeCDUCoe5iUOcf,0.789,0.534,8,-6.347,0,0.0709,0.323,0.000003,0.0645,0.631,134.055,8808844,K-pop
tracks,167,I Choose To Love You,Hyolyn,See the love2 OST,spotify:track:2yYQcXdtdyVnZNjLv6DrFS,0.685,0.574,5,-6.867,1,0.0286,0.262,0,0.253,0.3,99.997,14428847,Undefinied
tracks,168,Rapapapa (feat. RZA),Rich Brian,The Sailor,spotify:track:7sPoDigIbCWDS6AZmOhSRR,0.782,0.752,3,-4.622,0,0.214,0.501,0,0.114,0.504,126.936,505609,R&B/Soul
tracks,170,Blue Rose,LEEBADA,Blue Ocean,spotify:track:68F0Awp8Y64KAgvYYbUFc1,0.585,0.547,8,-4.797,0,0.083,0.512,0,0.387,0.237,74.671,3581659,K-Indie
tracks,171,lone summer,slchld,lone summer,spotify:track:3YIpZRonYpKhybYK2pvCb3,0.72,0.644,,-6.682,1,0.077,0.142,0,0.105,0.444,97.021,8259548,Pop
tracks,172,Therefore I Am,Billie Eilish,Happier Than Ever,spotify:track:20R4HfKloPKgXDqU7UKk3x,0.879,0.365,2,-7.781,1,0.0924,0.227,0.135,0.0583,0.663,94.016,9485294,M-pop
tracks,173,11 (with Hooleeger),队长,11 (with Hooleeger),spotify:track:5eDJH4MfpRQM9S9WTiu7yU,0.483,0.736,7,-4.84,1,0.0604,0.0774,0,0.125,0.531,148.054,13667829,Undefinied
tracks,174,Cool,Kauai45,Cool,spotify:track:5UJaXqy96rSRh6JRuLz427,0.799,0.145,7,-13.006,1,0.0475,0.846,0.000001,0.081,0.4323,107.903,101139,K-pop
tracks,175,First Time,Goodnight Stand,First Time,spotify:track:7FTNJvoMqf8diaPcRsITu8,0.698,0.374,4,-10.134,1,0.227,0.543,0.00105,0.437,0.396,169.941,2242222,R&B/Soul
tracks,176,Streets,Doja Cat,Hot Pink,spotify:track:60ynsPSSKe6O3sfwRnIBRf,0.749,0.463,11,-8.433,1,0.0842,0.21,0.0382,0.338,0.189,90.035,236691,R&B/Soul
tracks,177,Effortlessly,lo-1,Effortlessly,spotify:track:0214OvLHZT4NSJ0gj9N5f3,0.783,0.34,0,-7.457,1,0.0946,0.49,0.000025,0.264,0.279,121.979,1078001,M-pop
tracks,178,旅行的意義,Cheer Chen,華麗的冒險,spotify:track:0kcYzEvagMWsp9wL6RxW90,0.525,0.516,2,-7.931,1,0.0299,0.38,0,0.365,0.25,137.972,1265498,K-pop
tracks,179,SEE SEA,Hyolyn,SEE SEA,spotify:track:09Pp9Q9593vnr91Ldi4let,0.649,0.817,10,-2.974,0,0.0345,0.0753,0,0.0837,0.601,118.023,15979386,K-Indie
tracks,180,Tryin' to forget you,J_ust,B_ye,spotify:track:3WligRZmcEPhsWT7iZClsH,0.701,0.411,11,-8.428,1,0.0465,0.783,0,0.0856,0.656,76.127,6285934,K-pop
tracks,181,Leavin' tomorrow,Goodnight Stand,꿈으로 와요,spotify:track:3YzvfZu0YjzQ54xXRuH8PJ,0.502,0.341,2,-9.479,1,0.11,0.645,0.000002,0.0753,0.158,114.748,1115476,M-pop
tracks,182,夏天,Nicky Lee,好玖,spotify:track:3PNl0rcFCajUKXaeZ9d81j,0.564,0.713,8,-6.696,1,0.0311,0.596,0.000002,0.0668,0.577,94.015,1178542,Pop
tracks,183,Melancholy,White Cherry,Melancholy,spotify:track:1Lfh02gAbYvlP4SaBNNxiY,0.895,0.031,1,-25.355,1,0.0439,0.839,0.899,0.124,0.448,119.981,345805,Pop
tracks,184,say goodbye,mei quinn,say goodbye,spotify:track:4AHbSBLlUZ0TJLGxvLc9i9,0.648,0.45,11,-8.144,0,0.0323,0.385,0,0.106,0.629,94.025,1245849,R&B/Soul
tracks,185,Worth the Wait,Gowe,Worth the Wait,spotify:track:6YhLMPkFLZZm6RI6ad1a5T,0.826,0.297,11,-21.207,1,0.208,0.771,0,0.165,0.243,90.014,13377150,R&B/Soul
tracks,186,goosebumps,Travis Scott,Birds In The Trap Sing McKnight,spotify:track:6gBFPUFcJLzWGx4lenP6h2,0.841,0.728,7,-3.37,1,0.0484,0.0847,0,0.149,0.43,130.049,924348,M-pop
tracks,187,心引力,王俊凱,心引力,spotify:track:5FCICpVP6esEhKY7dxLU7T,0.433,0.455,11,-12.767,1,0.1,0.133,0,0.0879,0.466,187.648,10921065,R&B/Soul
tracks,188,Feeling Myself,Nicki Minaj,The Pinkprint,spotify:track:5fyIGoaaKelzdyW8ELhYJZ,0.564,0.703,2,-5.459,1,0.269,0.437,0.00927,0.358,0.477,139.045,627311,Pop
tracks,189,Carried Away (Love To Love) (with Madison Beer),Surf Mesa,Carried Away (Love To Love) (with Madison Beer),spotify:track:4IvuPZogXbY7LODs7qzr0W,0.518,0.683,1,-5.295,1,0.0364,0.346,0,0.311,0.304,141.971,3079887,Electronic/Dance
tracks,190,You Little Beauty,FISHER,You Little Beauty,spotify:track:1gRQxbfL4ULWyTosgXSbWT,0.926,0.951,6,-5.531,0,0.0924,0.00232,0.452,0.313,0.918,123.987,465465,K-pop
tracks,191,"Baby, Don't Cry",EXO,The 1st Album 'XOXO' (Repackage),spotify:track:7M4eO9xXwmAnO0hq6XDles,0.653,0.827,5,-4.179,1,0.0417,0.344,0,0.144,0.421,137.946,1913182,K-pop
tracks,192,"dear me,",Gentle Bones,"dear me,",spotify:track:7aGaP4VJ1WOAIL7QlEl1pA,0.629,0.459,11,-8.846,1,0.0303,0.38,0.000004,0.205,0.435,138.059,286327,K-pop
tracks,193,Don’t Forget (Feat. Rocoberry),Henry,Don’t Forget (Feat. Rocoberry),spotify:track:5b5bnWga1RIBPncnjCroVC,0.605,0.429,3,-7.412,1,0.0371,0.816,0,0.229,0.196,129.902,371270,R&B/Soul
tracks,194,no tears left to cry,Ariana Grande,Sweetener,spotify:track:2qT1uLXPVPzGgFOx4jtEuo,0.699,0.713,9,-5.507,0,0.0594,0.04,0.000003,0.294,0.354,121.993,1699976,Undefinied
tracks,195,Starlight No More,Kiggen,Starlight No More,spotify:track:0CSfu5jtIJAoSMn1Y6ktL3,0.476,0.341,6,-14.438,1,0.432,0.892,0.000024,0.143,0.295,109.745,793235,K-pop
tracks,196,Ring My Bell,Suzy,Uncontrollably Fond OST Part.1,spotify:track:3MdJSXjBarAYuuJ7rjJLDk,0.531,0.478,8,-6.853,0,0.0528,0.753,0,0.103,0.408,143.81,3170027,Hip Hop/Rap
tracks,197,Not Him,20 Years of Age,Not Him,spotify:track:2NsQTd6zXYxQ1388JWun08,0.405,0.592,9,-5.431,1,0.053,0.54,0,0.249,0.736,82.947,3050254,Pop
tracks,198,LOVE. FEAT. ZACARI.,Kendrick Lamar,DAMN.,spotify:track:6PGoSes0D9eUDeeAafB2As,0.8,0.585,10,-7.343,1,0.0924,0.264,0,0.153,0.779,126.058,101238,K-Indie
tracks,199,Without Star,Who R U?,Midnight Blue,spotify:track:3aeM0FzenuTueZdwHfMSS6,0.507,0.525,6,-4.29,1,0.0506,0.898,0,0.102,0.384,129.573,4999291,K-pop
tracks,200,On the Low,Justin Park,Places Like Home,spotify:track:4MIKclDDgZgzuaATP5yOjW,0.68,0.53,0,-6.854,0,0.209,0.203,0,0.115,0.398,87.008,2053280,Hip Hop/Rap
tracks,201,最好的都给你,余佳运,最好的都给你,spotify:track:1DmK1PVovBe0eLf3BEhzhe,0.619,0.406,7,-8.161,1,0.0327,0.79,0,0.139,0.154,124.134,74209599,M-pop
tracks,202,D.A.N.C.E,Justice,Justice,spotify:track:33yAEqzKXexYM3WlOYtTfQ,0.613,0.962,6,-5.07,0,0.278,0.034,0,0.824,0.496,113.015,2426456,Electronic/Dance
tracks,204,Room For Two,xiv,Room For Two,spotify:track:77Q9doWepAc9rDYcX8gA4Q,0.773,0.681,7,-6.494,1,0.0603,0.359,0,0.151,0.611,118.556,3578753,Electronic/Dance
tracks,205,渴望遇见 - 网台剧《谁都渴望遇见你》主题曲,周深,谁都渴望遇见你,spotify:track:7rb7xLISYxbiTn6uIRi11w,0.292,0.455,3,-6.376,1,0.0316,0.526,0,0.117,0.356,155.82,1174155,K-Indie
tracks,206,Therapy,Theo Tams,Trilogy I,spotify:track:1Omj5Fv6gozKjom0cWaPbn,0.757,0.579,5,-4.147,0,0.0372,0.237,0,0.125,0.678,89.01,11937583,Electronic/Dance
tracks,207,LOL,Jahmi,LOL,spotify:track:7dCip2o5FufDTZVmeZoBbM,0.812,0.568,10,-9.587,0,0.134,0.671,0,0.147,0.761,130.965,5618071,R&B/Soul
tracks,208,Drankin N Smokin,Future,Pluto x Baby Pluto,spotify:track:0k7wmahjkn389wAZdz19Cv,0.752,0.658,0,-6.297,1,0.342,0.0421,0,0.0927,0.387,151.951,1255121,Hip Hop/Rap
tracks,209,暗香,沙宝亮,发烧无限,spotify:track:4iHDt4q2MvmM9gUbA2BSkU,0.27,0.48,2,-9.102,0,0.0334,0.979,0.000052,0.113,0.238,139.925,7027351,Electronic/Dance
tracks,210,Live or Die,Noah Cyrus,Live or Die,spotify:track:0OiXVxQHUFxvYxQew4xyhD,0.71,0.365,8,-9.958,1,749,0.234,0,0.244,0.396,74.952,11573118,Electronic/Dance
tracks,211,Soft,J_ust,O_ne,spotify:track:5YcPOaMnKoWKqIHxg4iL3Y,0.534,0.325,11,-7.612,0,0.0362,0.757,0,0.0699,0.394,148.12,10856462,R&B/Soul
tracks,212,In a dream,Hello Ga-Young,something special,spotify:track:21P4hz2DdDOkkLOTm2gJ8S,0.392,0.395,0,-8.333,1,0.0277,0.717,0.000447,0.618,0.337,143.608,2728847,K-pop
tracks,213,Bodies,CLAUDIA,Bodies,spotify:track:24ZhIGmqatQWhIDBhoLq2a,0.691,0.602,1,-8.063,1,0.0497,0.0515,0,0.141,0.715,118.901,581575,Electronic/Dance
tracks,214,Coming Baby,律野,Coming Baby,spotify:track:7Ha6Rb1fMFIjil93GFYxiN,0.936,0.511,7,-4.756,0,0.102,0.346,0,0.0278,0.403,105.005,14479868,K-Indie
tracks,215,浪漫手機,Jay Chou,11月的蕭邦,spotify:track:4ofmSKnAYj295dE0klRGQx,0.565,0.504,10,-8.324,1,0.0325,0.656,0.000189,0.117,0.378,170.025,1552236,R&B/Soul
tracks,216,Honey Milk Tea,Lim sang hyun,Honey Milk Tea,spotify:track:0eYoLzJApcy4FqebJMLiSS,0.579,0.429,0,-6.536,1,0.0324,0.619,0,0.143,0.293,66.984,2742484,K-pop
tracks,217,Thot Shit,Megan Thee Stallion,Something for Thee Hotties,spotify:track:7FdmHr87G79PDRGy9SPBkZ,0.949,0.683,9,-4.242,1,0.0946,0.0199,0,0.171,0.887,130.012,1211912,K-pop
tracks,218,最好的我们,孟颖,最好的我们,spotify:track:3oDaCSqtdUbrtPUiQhkklH,0.622,0.473,2,-9.28,1,0.0352,0.775,0.000002,0.109,0.181,126.028,14882716,K-pop
tracks,219,I'm Going Crazy,SE7EN,Digital Bounce,spotify:track:7yAL7lr8pL9vCNn8QL3HG1,0.609,0.828,2,-4.668,1,0.0621,0.211,0,0.315,0.732,160.001,200636,Pop
tracks,220,Lover,Clevt,Lover,spotify:track:1g1xkwC5IRN0qUvcL4RCMG,0.867,0.499,5,-10.182,0,0.0566,0.331,0.000083,0.11,0.626,124.056,1894157,R&B/Soul
tracks,221,No More,Ashley Alisha,No More,spotify:track:7yD4xZ0hXYwmObTjXTHKfu,0.607,0.588,11,-5.868,1,0.043,0.69,0,0.174,0.387,180.054,1231920,M-pop
tracks,222,Senseless (feat. pH-1),Phe R.E.D.S,Senseless (feat. pH-1),spotify:track:1Rf0Y5oIbtreaNBjmiob5d,0.737,0.609,0,-4.179,1,0.0323,0.194,0.000006,0.0702,0.534,116.013,4076402,R&B/Soul
tracks,223,Monster,LUM!X,Monster,spotify:track:0YU17F0BlVXvmx5ytsR43w,0.83,0.794,8,-6.279,0,0.432,0.0253,0.0248,0.106,0.607,129.16,7251413,K-pop
tracks,225,Winter Breath,10cm,5.1,spotify:track:52MhiDWZlaHOVc29nbZBFC,0.689,0.387,3,-5.726,1,0.0928,0.202,0,0.0845,0.627,167.871,1325737,Electronic/Dance
tracks,226,予你,队长,予你,spotify:track:5ii92YUmZpeEjRKygY8t9v,0.527,0.507,4,-7.855,1,0.0357,0.616,0,0.136,0.17,131.896,5896890,K-pop
tracks,227,No Beef - Original Mix,Afrojack,No Beef (Afrojack & Steve Aoki feat. Miss Palmer),spotify:track:0lLabtlVaHGaCqKHQpBrkP,0.741,0.838,11,-5.181,0,0.0405,0.0229,0.309,0.0649,0.234,127.98,9632692,K-pop
tracks,228,靠近,Morris赖仔,靠近,spotify:track:3PWhoJ9fnWeZLP9UmZenlR,0.691,0.578,11,-6.405,1,0.0778,0.301,0,0.085,0.378,81.997,6514921,R&B/Soul
tracks,229,"Today, Rain (feat. 1ho & Chan)",Airman,Airman Morning Diaries #7,spotify:track:1vdQfVyptSyzsDhKQjhi8e,0.609,0.46,11,-6.518,1,0.0268,0.731,0,0.105,0.272,82.893,1012966,Electronic/Dance
tracks,230,Monster (Shawn Mendes & Justin Bieber),Shawn Mendes,Monster,spotify:track:2Z8yfpFX0ZMavHkcIeHiO1,0.652,0.383,2,-7.076,0,0.0516,0.0676,0,0.0828,0.549,145.765,782605,K-Indie
tracks,231,First Class,Jack Harlow,First Class,spotify:track:1rDQ4oMwGJI7B4tovsBOxc,0.905,0.563,8,-6.135,1,0.102,0.0254,0.00001,0.113,0.324,106.998,3250261,Hip Hop/Rap
tracks,232,Tonight,Punch,Tonight,spotify:track:0A11IsAXZND16wOkQQTbMB,0.526,0.56,6,-5.999,1,0.0356,0.815,0,0.135,0.522,133.468,2172981,M-pop
tracks,233,Don’t,Loco,The Hyena on the Keyboard Pt. 4,spotify:track:6KyafpXji3NKMmlmSokT9Y,0.85,0.488,1,-7.052,1,0.0689,0.552,0,0.127,0.531,92.023,1100324,Electronic/Dance
tracks,234,Soothe (feat. Junmo),J_ust,Thoughts of My Mother,spotify:track:3LVvBMCKu30y6oXBRV3LNx,0.694,0.564,11,-5.478,0,0.032,0.623,0,0.126,0.62,82.994,6211541,Hip Hop/Rap
tracks,235,7 rings,Ariana Grande,"thank u, next",spotify:track:6ocbgoVGwYJhOv1GgI9NsF,0.778,0.317,1,-10.732,0,0.334,0.592,0,0.0881,0.327,140.048,3833602,R&B/Soul
tracks,236,하루 하루 (Day To Day) [In the Style of Tashannie] - Karaoke,Groove Edition,"K-Pop Karaoke/Instrumental (가요 MR반주), Pt. 89",spotify:track:0l4sOlYtZS9oxhisbyPvQ2,0.578,0.566,2,-7.954,0,0.0383,0.18,0.889,0.159,0.818,133.983,4983133,K-pop
tracks,237,Midsummer Madness,88rising,Head In The Clouds,spotify:track:6TodWdTSDfzwgYynTZSvJn,0.409,0.678,9,-7.731,1,0.0878,0.359,0.000005,0.167,0.168,89.968,1345187,R&B/Soul
tracks,238,Slow,SOLE,Slow,spotify:track:3bHE2Q0boauLBF8iJLUIga,0.399,0.397,1,-7.477,1,0.1,0.591,0.000021,0.109,0.306,78.162,367399,K-pop
tracks,239,Deja Vu,ATEEZ,ZERO : FEVER Part.3,spotify:track:3zmrdOtnOogqLllz26WLZ3,0.692,0.835,6,-4.978,0,0.0628,0.0517,0,0.134,0.566,80.017,5168071,K-Indie
tracks,240,Sorry,Jonan,Sorry,spotify:track:4uMJ7fKMAetlX8GUfwFiHL,0.658,0.282,2,-13.393,1,0.124,0.618,0,0.366,0.351,69.956,864286,M-pop
tracks,242,我喜歡上你時的内心活動,Cheer Chen,喜歡你 電影原聲帶,spotify:track:3Sk5vML32xkCFsysfuvNYl,0.347,0.333,0,-10.876,1,0.0359,0.765,0.000114,0.0947,0.297,145.245,1488515,Electronic/Dance
tracks,243,May I Ask,Luke Chiang,May I Ask,spotify:track:4pV3f1Nn5XtyA9x60rFan7,0.718,0.357,2,-8.843,1,0.0437,0.407,0,0.0897,0.347,146.006,4228699,K-pop
tracks,244,ONLY,LeeHi,ONLY,spotify:track:13CvkXwGXruBTv2Rh6JmHR,0.529,0.294,5,-7.454,1,0.0353,0.887,0,0.0867,0.155,123.177,3747766,Electronic/Dance
tracks,245,You're My Garden,JEONG EUN JI,"Strong Woman Do Bong Soon, Pt. 1",spotify:track:2XJOdcqQnB4dpi0mTxmzC9,0.543,0.515,2,-4.022,1,0.0373,0.561,0,0.124,0.23,123.195,9093364,Pop
tracks,246,Summer Time,KAHOH,Summer Time,spotify:track:2AyzxOw81jO9YdlEkLc46T,0.814,0.635,11,-5.923,0,0.055,0.192,0,0.0748,0.586,99.992,1180285,R&B/Soul
tracks,247,Say So,Doja Cat,Hot Pink,spotify:track:3Dv1eDb0MEgF93GpLXlucZ,0.787,0.673,11,-4.583,0,0.159,0.264,0.000003,0.0904,0.779,110.962,721941,Electronic/Dance
tracks,248,他只是經過,h3R3,他只是經過,spotify:track:6TBJGBdclNJ3kHBzaROQ4B,0.749,0.558,1,-6.488,1,0.0309,0.148,0.00151,0.821,0.499,93.016,939689,Undefinied
tracks,249,Sweety,J_ust,Sweety,spotify:track:5LURhI5nh4wAnowd14075i,0.784,0.557,10,-4.082,0,0.0281,0.629,0,0.0995,0.695,104.989,654444,Electronic/Dance
tracks,250,Lonely,Akon,Trouble,spotify:track:5QnM8r0kqFdM84k18aFE2V,0.632,0.533,5,-7.873,0,0.0338,0.351,0,0.236,0.595,90.064,3780327,K-Indie
tracks,251,Slightly Tipsy (She is My Type♡ X SANDEUL),Sandeul,Slightly Tipsy (She is My Type♡ X SANDEUL),spotify:track:1xWVYPdaLm909DbFmuPGOR,0.697,0.447,1,-6.552,1,0.0264,0.769,0,0.115,0.549,93.931,938688,K-pop
tracks,252,因為愛所以愛,Nicholas Tse,了解,spotify:track:3MNF1IrYF3VfPOSWnANQDo,0.56,0.536,11,-6.612,0,0.0309,0.0944,0,0.0955,0.148,134.017,906117,K-Indie
tracks,253,Delirious (Boneless) (feat. Kid Ink),Steve Aoki,Neon Future I,spotify:track:2SSFvQBwsxeazzo7z5l9gD,0.706,0.912,8,-4.44,0,0.0565,0.0195,0,0.232,0.925,128.004,9274092,R&B/Soul
tracks,254,The Way I Am (feat. SOLE),Gavin Haley,The Way I Am (feat. SOLE),spotify:track:45NfKjEeWUY5LvijC29XSh,0.584,0.49,7,-7.293,1,0.0387,0.76,0,0.104,0.225,99.649,758499,Electronic/Dance
tracks,255,In The Party,Flo Milli,"Ho, why is you here ?",spotify:track:52BJrldggFQyTiW8XrILhO,0.919,0.609,9,-5.059,1,0.262,0.0096,0,0.124,0.418,134.992,362973,R&B/Soul
tracks,256,COFFIN (feat. Eminem),Jessie Reyez,BEFORE LOVE CAME TO KILL US,spotify:track:4HqPiUgeE9z0MHLXkgUQkQ,0.585,0.594,9,-5.342,1,0.332,0.354,0.000054,0.0921,0.138,184.013,2668761,M-pop
tracks,257,See You Again (feat. Charlie Puth),Wiz Khalifa,See You Again (feat. Charlie Puth),spotify:track:2JzZzZUQj3Qff7wapcbKjc,0.689,0.481,10,-7.503,1,0.0815,0.369,0.000001,0.0649,0.283,80.025,1025899,Electronic/Dance
tracks,258,all the good girls go to hell,Billie Eilish,"WHEN WE ALL FALL ASLEEP, WHERE DO WE GO?",spotify:track:6IRdLKIyS4p7XNiP8r6rsx,0.726,0.444,8,-8.922,0,0.372,0.283,0.143,0.177,0.569,185.044,2040525,R&B/Soul
tracks,259,I’d Do It Again,Violette Wautier,Glitter and Smoke,spotify:track:5A8ysv0c3aUkij0ojFlZZM,0.528,0.706,9,-6.231,1,0.0539,0.183,0.000228,0.119,0.294,175.997,1670902,K-pop
tracks,260,A little thing,Peck Palitchoke,A little thing,spotify:track:0aaASxHyUk8kCiID0f0cNE,0.745,0.454,5,-7.884,1,0.0875,0.622,0.000004,0.0885,0.426,83.009,3468509,Undefinied
tracks,261,Star,Rothy,Star,spotify:track:0UcaDVU5jKXZXv2BfgMO56,0.353,0.409,0,-9.071,1,0.0523,0.702,0,0.0875,0.199,171.424,7127839,R&B/Soul
tracks,262,Feels Like You,Faime,Feels Like You,spotify:track:21UPL4RXZPmg2TZ2DgWADj,0.848,0.352,4,-6.798,1,0.0464,0.789,0.000105,0.0965,0.571,92.991,74420,Electronic/Dance
tracks,263,Pursuit Of Happiness - Extended Steve Aoki Remix,Kid Cudi,Pursuit Of Happiness,spotify:track:5PX4uS1LqlWEPL69phPVQQ,0.722,0.687,0,-5.189,1,0.0445,0.00949,0.00413,0.0462,0.619,128.013,6224680,Undefinied
tracks,264,Lost in Paradise,Joanna Wang,Start From Here,spotify:track:0npodwOWWkfh83yfGK5ZOW,0.787,0.672,11,-5.442,0,0.031,0.425,0.000002,0.133,0.631,112.015,552754,R&B/Soul
tracks,265,꽃길만 걷자,bubble sound,꽃길만 걷자,spotify:track:0lnYqscnbzszSt1HJc9RVM,0.596,0.656,3,-5.545,1,0.114,0.722,0.039,0.134,0.263,179.873,10589785,Electronic/Dance
tracks,266,Stinger,RL Grime,Stinger,spotify:track:0yrSc38VgNvTRVfzD01oDE,0.499,0.991,1,1.59,0,0.103,0.00778,0.794,0.438,0.0385,146.985,18241410,Electronic/Dance
tracks,267,It's Strange,Louis The Child,It's Strange,spotify:track:0NxHMGOA8vwPD0x8MmXnp7,0.837,0.492,0,-7.792,1,0.354,0.371,0.0401,0.102,0.417,85.951,4197377,Pop
tracks,268,Let Me,GOT7,FLIGHT LOG : TURBULENCE,spotify:track:32gGg6vpjTGYEwX33PWTlU,0.732,0.659,0,-2.866,1,0.0404,0.358,0,0.0961,0.331,98.015,587683,Hip Hop/Rap
tracks,269,Roar,Katy Perry,PRISM,spotify:track:6F5c58TMEs1byxUstkzVeM,0.554,0.772,7,-4.821,0,0.0418,0.00487,0.000007,0.354,0.455,179.984,3630771,R&B/Soul
tracks,270,Good Morning (feat. D-Hack),Kim Mi Jeong,2018.07,spotify:track:3cbVV2c54L6MUj7JV5zolz,0.742,0.509,0,-8.743,1,0.132,0.513,0.000002,0.0781,0.822,172.045,113893,Electronic/Dance
tracks,271,The Moon and Me,Tippy Balady,The Moon and Me,spotify:track:6er9orrniX3oYWgnyPoO8t,0.625,0.469,3,-10.94,1,0.041,0.618,0.000068,0.107,0.439,140.936,3254993,K-Indie
tracks,272,最好的我,房祖名,亂,spotify:track:1PpoiIMsCs0c5zaF4nGlrX,0.749,0.653,10,-6.634,1,0.0442,0.151,0,0.34,0.615,135.985,2149747,J-pop
tracks,273,Bom,BOL4,Puberty BookⅠ Bom,spotify:track:1Vd8qFWC07LB8UvNHyIlzg,0.559,0.649,7,-3.561,1,0.571,0.407,0,0.0803,0.548,195.94,6110372,Pop
tracks,274,Hello Hello,FTISLAND,Return,spotify:track:6H6J8V8NXmXHLDp1AICHhk,0.526,0.908,6,-2.717,0,0.172,0.0806,0,0.0622,0.714,199.947,464298,M-pop
tracks,275,Beef FloMix,Flo Milli,"Ho, why is you here ?",spotify:track:7qdFz1dTJqgdVe6NA4F4DP,0.879,0.733,11,-3.953,0,0.142,0.216,0,0.274,0.913,117.039,671111,K-pop
tracks,276,Perfect Day,Tundra Beats,Perfect Day,spotify:track:2Nugvojy1Wj11vlishRU9y,0.842,0.18,5,-1.556,0,0.0922,0.867,0.863,0.107,0.198,92.496,332336,Electronic/Dance
tracks,277,Love Tonight - David Guetta Remix Edit,Shouse,Love Tonight,spotify:track:2prnn41CblB8B4yWACDljP,0.621,0.989,10,-4.225,0,0.0434,0.015,0.357,0.184,0.0348,126.002,32160149,Electronic/Dance
tracks,278,Warm (feat. Mia),Dre'es,Warm (feat. Mia),spotify:track:3kBofOTKMUZ62a311eUwvx,0.662,0.297,8,-14.525,1,0.0301,0.888,0.108,0.119,0.434,94.023,2536731,M-pop
tracks,279,Sigh,Vanilla Acoustic,Cobalt Blue,spotify:track:2BjChKBjmJc0YeBh3I9Xak,0.5,0.468,9,-5.4,1,0.0356,0.817,0,0.109,0.425,129.948,433458,K-pop
tracks,280,We're Good,Dua Lipa,Future Nostalgia,spotify:track:1diS6nkxMQc3wwC4G1j0bh,0.722,0.588,6,-5.932,1,0.0544,0.0319,0,0.183,0.59,134.01,69826,M-pop
tracks,281,"Cloud 9 (feat. Juan Periquet, Kakie & Cub Fuque)",Luis Villanueva,VOL. 1 (feat. Kakie & Cub Fuque),spotify:track:388eLgpqeex2oOj9DxKEYI,0.847,0.277,0,-12.766,1,0.252,0.572,0.00409,0.0892,0.279,138.967,5559422,M-pop
tracks,282,The Little Match Girl,WENDY,The Little Match Girl - SM STATION,spotify:track:22TGH52X0gqrZJMyXVGFG0,0.566,0.439,8,-5.404,1,0.0324,0.513,0,0.116,0.249,135.854,426921,R&B/Soul
tracks,283,It's Alright 괜찮아 (feat. Jung Yu Jong),GooNight,It's Alright 괜찮아,spotify:track:6LDdUX1rUgTJZgu3SN5Csj,0.611,0.497,3,-9.376,1,0.0634,0.179,0.000015,0.388,0.362,149.629,3517980,M-pop
tracks,284,homeless door (Feat. Rad Museum),offonoff,boy.,spotify:track:2d9wb1ricMFwSjMegIxPms,0.802,0.233,3,-9.515,1,0.0958,0.762,0.000212,0.241,0.631,117.121,40201137,Pop
tracks,285,30 SEXY,Rain,Rain Effect - Special edition,spotify:track:345y6JePQqGMSO76yUkVpw,0.775,0.77,8,-2.594,1,0.0413,0.0919,0.000779,0.0624,0.914,109.522,3026302,K-Indie
tracks,286,bath,offonoff,bath,spotify:track:22tAOnXPrSFOp2En3WcyyA,0.65,0.346,7,-7.85,0,0.0402,0.721,0.000577,0.371,0.125,123.919,10685381,M-pop
tracks,287,I Didn't Change My Number,Billie Eilish,Happier Than Ever,spotify:track:7bcy34fBT2ap1L4bfPsl9q,0.849,0.48,9,-5.835,1,0.226,0.612,0.269,0.295,0.677,142.021,4450062,K-Indie
tracks,288,BLACK,G-DRAGON,COUP D'ETAT (Korean Version),spotify:track:44f1TNdoQUgf3PUYraCTsH,0.494,0.651,4,-7.971,0,0.378,0.314,0,0.249,0.471,89.587,6867697,Pop
tracks,289,Dazed,Llwyd,Forest OST Part.2,spotify:track:7fj8Q0Q19tvKmqmidgyOI3,0.735,0.405,9,-6.691,1,0.032,0.62,0,0.117,0.509,96.035,382408,M-pop
tracks,290,Cold Blooded,Jessi,Cold Blooded,spotify:track:34JfHOd0fcefm4FSPSrIhF,0.961,0.739,9,-6.665,1,0.224,0.0794,0,0.0372,0.759,119.96,14726004,M-pop
tracks,291,Growl,EXO,The 1st Album 'XOXO' (Repackage),spotify:track:4pi0Elz7B7cLfw37J3bYm9,0.681,0.814,11,-2.83,0,0.0603,0.145,0,0.556,0.876,89.993,2560695,K-Indie
tracks,292,Sleepless Night (feat. Punch),Crush,It's alright This is love (Original Television Soundtrack) Vol. 1,spotify:track:06qX0YB7c6ePHglG14TN39,0.599,0.575,10,-5.792,1,0.0315,0.449,0.000094,0.298,0.491,151.994,11493907,K-pop
tracks,293,Free Loop,Daniel Powter,Daniel Powter,spotify:track:2rtSjGAgCkHL5mKboZMVgD,0.6,0.657,0,-10.693,1,0.0336,0.503,0.00013,0.0816,0.678,75.331,9549664,Pop
tracks,294,Easy,Mac Ayres,Drive Slow,spotify:track:58dSdjfEYNSxte1aNVxuNf,0.722,0.282,5,-7.484,1,0.106,0.373,0.00557,0.147,0.217,91.367,3861054,R&B/Soul
tracks,295,Things I Do For Love,李承鉉,《半是蜜糖半是傷》電視劇原聲帶,spotify:track:56SceQVewyDwQ8seFcRn1S,0.701,0.211,10,-10.325,1,0.037,0.517,0,0.175,0.288,126.011,27083108,M-pop
tracks,296,"i hate u, i love u (feat. olivia o'brien)",Garrett Nash,us,spotify:track:7vRriwrloYVaoAe3a9wJHe,0.492,0.275,6,-13.4,0,0.3,0.687,0,0.101,0.18,92.6,1736379,R&B/Soul
tracks,297,It′s Raining,Rain,It's Raining,spotify:track:7gH0gjbvNKZJtryOUNW2Yt,0.783,0.875,1,-4.486,1,0.0663,0.0172,0.0233,0.217,0.385,103.953,1940525,K-pop
tracks,298,Soft Lips,Pavy,Songs About Women,spotify:track:6c91SIcG2nuNRu26ou0uRN,0.907,0.284,7,-13.345,0,0.302,0.615,0,0.0884,0.442,105.042,3325253,Hip Hop/Rap
tracks,299,Hypnotized,Deanz,Pull Me Closer,spotify:track:2I4y6xCzw0zwF06GpujAyc,0.678,0.577,1,-8.511,0,0.0487,0.332,0.000009,0.229,0.273,120.12,6463078,Electronic/Dance
tracks,300,Blue Rose,LEEBADA,THE OCEAN,spotify:track:6nRuiTA6WpHIcXOEctK3GC,0.597,0.547,8,-4.793,0,0.0821,0.51,0,0.386,0.24,74.876,3581659,K-pop
tracks,301,네가 좋아,Hello Ga-Young,네가 좋아,spotify:track:3uMw3suPr1LEFWFxBRtYV7,0.75,0.337,11,-8.034,1,0.0314,0.863,0.000003,0.115,0.428,95.959,1506968,K-pop
tracks,302,Shape Of My Heart,Sting,Ten Summoner's Tales,spotify:track:5TrvGxuqaYKsF7C0NfrLrY,0.524,0.31,6,-12.929,0,0.0333,0.722,0.000765,0.0729,0.289,83.931,1430291,R&B/Soul
tracks,303,The Motto,Tiësto,The Motto,spotify:track:18asYwWugKjjsihZ0YvRxO,0.754,0.763,7,-4.627,0,0.0435,0.0301,0.000022,0.0901,0.464,117.953,5137211,Electronic/Dance
tracks,304,The sketch you sketched,Woody,The sketch you sketched,spotify:track:3ey6qWxaDV7tpq7FfKOdCr,0.47,0.567,4,-3.746,1,0.183,0.69,0.000003,0.107,0.715,175.555,2102284,K-Indie
tracks,305,Manila,Young Cocoa,Manila,spotify:track:31pfoNavshN4lGQfcwGgpm,0.899,0.446,6,-8.118,0,0.11,0.58,0,0.0876,0.897,102.033,4405463,Pop
tracks,306,聽見下雨的聲音,Queen Wei,聽見下雨的聲音,spotify:track:0AoLF8kZSDuMz032j4ZnC0,0.295,0.533,9,-9.81,1,0.0371,0.108,0.000002,0.122,0.176,167.326,45558708,M-pop
tracks,307,Apollo,Smoove'L,Ice Cups And Shootouts,spotify:track:05iRuRXIVHYjclPajTQVjS,0.774,0.617,2,-5.559,1,0.353,0.0163,0,0.418,0.218,142.666,1673865,Electronic/Dance
tracks,308,That Old School Love,Vinh Khuat,That Old School Love,spotify:track:608b2NnuGS35YYqQEyl5Ai,0.546,0.478,10,-6.463,1,0.0713,0.135,0,0.104,0.201,75.103,5492776,Hip Hop/Rap
tracks,309,Jealous King,TangBadVoice,Jealous King,spotify:track:3uMYfgPMlYinMvU5HBaO3S,0.862,0.432,5,-11.583,1,0.16,0.369,0.000018,0.125,0.433,89.997,202383,R&B/Soul
tracks,310,Vacance in September,KIM JAE HWAN,Pocket List 8/12,spotify:track:3SZit36toAsecvUWqMrit4,0.519,0.557,0,-6.02,1,0.0589,0.393,0,0.248,0.345,73.895,32765094,K-Indie
tracks,311,"thank u, next",Ariana Grande,"thank u, next",spotify:track:3e9HZxeyfWwjeyPAMmWSSQ,0.717,0.653,1,-5.634,1,0.0658,0.229,0,0.101,0.412,106.966,6146089,R&B/Soul
tracks,313,say what's on your mind,slchld,as long as you're okay,spotify:track:5sZOGj6SfzD7lWpwKhF6oE,0.676,0.462,6,-4.207,0,0.037,0.81,0.0286,0.222,0.369,78.959,56329987,K-Indie
tracks,314,下雨天,与少年他,下雨天,spotify:track:1rCKpLcFlEMsohPxWPdmQ1,0.529,0.678,4,-4.104,1,0.0312,0.129,0,0.981,0.329,129.774,13821136,Electronic/Dance
tracks,315,Lift Off,Dirt Monkey,Wubula,spotify:track:4EzXMevYacfWa9uLQbZcA2,0.736,0.821,1,-5.275,1,0.0728,0.0146,0.307,0.223,0.284,150.029,11154753,Electronic/Dance
tracks,316,Turbulence - Radio Edit,Steve Aoki,Turbulence (feat. Lil Jon),spotify:track:2Kf2mWshxgnyz5NG6q7YwE,0.694,0.947,2,-1.721,1,0.081,0.00625,0.256,0.117,0.288,130.024,13250514,Electronic/Dance
tracks,317,Haru Haru,BIGBANG,Stand Up,spotify:track:1L4d2lafz1odpIMe8va21X,0.687,0.914,6,-5.02,1,0.0437,0.166,0,0.0858,0.675,126.001,8056065,K-pop
tracks,318,The Business,Tiësto,The Business,spotify:track:6f3Slt0GbA2bPZlz0aIFXN,0.798,0.62,8,-7.079,0,0.232,0.414,0.0192,0.112,0.235,120.031,40365259,R&B/Soul
tracks,319,Please Me,Cardi B,Please Me,spotify:track:0PG9fbaaHFHfre2gUVo7AN,0.747,0.57,1,-6.711,1,0.081,0.0642,0,0.0832,0.65,133.992,16007022,Hip Hop/Rap
tracks,320,LoveHate Thing (feat. Sam Dew),Wale,The Gifted,spotify:track:6kx16R0LMAyoXDvGqddZFy,0.736,0.691,8,-6.118,1,0.169,0.0771,0,0.0422,0.18,99.954,7662862,Electronic/Dance
tracks,321,Secrets,Tiësto,"Club Life, Vol. 4 - New York City",spotify:track:0NIC4unbe5KZOp1d9T7OaF,0.648,0.812,11,-7.585,0,0.0414,0.000329,0.0369,0.0857,0.122,128.178,136288140,Electronic/Dance
tracks,322,Reckless,Madison Beer,Reckless,spotify:track:5ajjAnNRh8bxFvaVHzpPjh,0.386,0.426,3,-6.642,1,0.0363,0.807,0,0.14,0.261,180.104,2845699,Pop
tracks,323,Jackie Chan - Keanu Silva Remix,Tiësto,Jackie Chan,spotify:track:4DFPLQ1A5VX3XJ2EdX4RzU,0.885,0.869,6,-4.939,1,0.0552,0.00211,0.000008,0.0325,0.702,126.005,2048710,Electronic/Dance
tracks,324,I wanna go out,J_ust,D_iary Page.1,spotify:track:75C9zW7Liktu6ULymEuL2y,0.587,0.44,5,-5.623,0,0.0374,0.75,0,0.36,0.526,175.842,19176991,K-Indie
tracks,325,Touch love,Yoon Mirae,Master`s sun OST Part 4,spotify:track:5gFYlFpGVG6QO4Fq4O8ZX4,0.699,0.533,5,-4.228,1,0.0275,0.612,0,0.209,0.347,82.017,3566595,K-pop
tracks,326,Primary Insomnia,Who R U?,Midnight Blue,spotify:track:7iMlkoKrJ4bVdn2PzURPIC,0.652,0.6,5,-5.573,1,0.0253,0.762,0,0.0747,0.61,92.049,556120,K-Indie
tracks,327,Rude Boy,Rihanna,Rated R,spotify:track:60jzFy6Nn4M0iD1d94oteF,0.563,0.75,11,-4.496,1,0.127,0.113,0,0.0788,0.812,173.906,7981997,Hip Hop/Rap
tracks,328,Beast Mode,Kura,Beast Mode,spotify:track:4KxqlCJNjBNwsmgzLFy3Is,0.602,0.971,0,-6.065,1,0.0688,0.00409,0.525,0.101,0.681,149.964,23018531,Electronic/Dance
tracks,329,Hurricane,Kanye West,Donda,spotify:track:0RbW8kWozrVSIGb4V13o0o,0.587,0.561,0,-6.569,1,0.146,0.0466,0,0.109,0.351,80.009,5321449,Electronic/Dance
tracks,330,哪里都是你,队长,哪里都是你,spotify:track:3QP3cYE3qnplFueLKNVsbM,0.544,0.401,5,-8.347,1,0.027,0.749,0.000015,0.265,0.163,131.846,27978130,M-pop
tracks,331,Let Me Love You,DJ Snake,Encore,spotify:track:0lYBSQXN6rCTvUZvg9S0lU,649,0.716,8,-5.371,1,0.0349,0.0863,0.000026,0.135,0.163,99.988,578421,Pop
tracks,332,Dangerous,Kardinal Offishall,Not 4 Sale,spotify:track:4NOZ35Dhucr6UlVyLOtktd,0.949,0.79,8,-5.957,1,0.0756,0.00437,0,0.0816,0.807,117.002,8211254,R&B/Soul
tracks,333,How You Like That,BLACKPINK,How You Like That,spotify:track:6y6k14YN6MbKpGIv1Rk00Q,0.828,0.782,11,-4.014,1,0.0918,0.0694,0.000034,0.0544,0.341,130.013,2299041,K-pop
tracks,334,Necklace,Barrett Marshall,Necklace,spotify:track:1O4LPFLicLEj8B4jBFuhl7,0.732,0.51,9,-6.614,0,0.0328,0.645,0,0.158,0.521,96.067,9983162,R&B/Soul
tracks,335,Wannabe,Spice Girls,Spice,spotify:track:1Je1IMUlBXcx1Fz0WE7oPT,0.768,0.864,11,-6.145,1,0.0324,0.101,0,0.162,0.891,110.008,3690093,R&B/Soul
tracks,336,Don't Be Shy,Tiësto,Don't Be Shy,spotify:track:0bI7K9Becu2dtXK1Q3cZNB,0.77,0.787,11,-3.748,0,0.0583,0.198,0,0.262,0.513,119.986,6910644,Electronic/Dance
tracks,337,Mad at Disney,salem ilese,Mad at Disney,spotify:track:7aGyRfJWtLqgJaZoG9lJhE,0.738,0.621,0,-7.313,1,0.0486,0.424,0.000007,0.692,0.715,113.968,4142725,Pop
tracks,338,drivers license,Olivia Rodrigo,drivers license,spotify:track:7lPN2DXiMsVn7XUKtOW1CS,0.585,0.436,10,-8.761,1,0.0601,0.721,0.000013,0.105,0.132,143.874,1098642,R&B/Soul
tracks,339,Red Lights,Tiësto,A Town Called Paradise,spotify:track:5L2l7mI8J1USMzhsmdjat9,0.654,0.83,10,-4.801,1,0.0366,0.000629,0.000001,0.121,0.548,124.989,5922835,Electronic/Dance
tracks,340,Nataaoki,Natanael Cano,NataKong,spotify:track:7w47Qtyrw5y4w5Qa0wNjco,0.768,0.835,6,-4.961,0,0.11,0.07,0.000004,0.0593,0.797,119.982,6764377,Electronic/Dance
tracks,341,Shape of You,Ed Sheeran,÷,spotify:track:7qiZfU4dY1lWllzX7mPBI3,0.825,0.652,1,-3.183,0,0.0802,0.581,0,0.0931,0.931,95.977,9843484,Pop
tracks,342,Yeah! (feat. Lil Jon & Ludacris),Usher,Confessions (Expanded Edition),spotify:track:5rb9QrpfcKFHM1EUbSIurX,0.894,0.791,2,-4.699,1,0.112,0.0183,0,0.0388,0.583,105.18,5895597,Hip Hop/Rap
tracks,343,Wonderful U,AGA,Ginadoll,spotify:track:2eSNpIOFoi1Q8wxw6CycXJ,0.557,0.436,6,-8.569,1,0.0676,0.809,0,0.151,0.246,179.997,6605030,R&B/Soul
tracks,345,2 soon,keshi,2 soon,spotify:track:5SlU0Yhi51jobhEiGE4xDv,0.517,0.663,6,-6.688,0,0.0375,0.146,0,0.322,0.146,174.032,508860,K-Indie
tracks,347,Blank Space,Taylor Swift,1989,spotify:track:1p80LdxRV74UKvL8gnD7ky,0.753,0.678,5,-5.421,1,0.0644,0.85,0.000002,0.13,0.583,96.006,9543824,Pop
tracks,348,星晴,Jay Chou,杰倫,spotify:track:4VWn7L2kONeMEQ6cAIfzXC,0.637,0.329,7,-10.366,1,0.0349,0.725,0.000009,0.245,0.255,177.792,2486458,M-pop
tracks,349,Mean 심술,BOL4,Full Album RED PLANET,spotify:track:3r8mOSPtXvoXSBTbmbaQcP,0.738,0.528,4,-3.992,1,0.0894,0.574,0,0.111,0.52,77.708,2031741,K-pop
tracks,350,Dance Monkey,Tones And I,Dance Monkey (Stripped Back) / Dance Monkey,spotify:track:2XU0oxnq2qxCpomAAuJY8K,0.824,0.588,6,-6.4,0,0.0924,0.692,0.000104,0.149,0.513,98.027,5606046,Electronic/Dance
tracks,351,Cry Me a River,Justin Timberlake,Justified,spotify:track:7Lf7oSEVdzZqTA0kEDSlS5,0.624,0.654,8,-6.582,0,0.183,0.577,0,0.104,0.564,73.898,7181365,Undefinied
tracks,352,是想你的聲音啊,傲七爺,是想你的聲音啊,spotify:track:5T4ALT8LugDODLwAvCg3mL,0.575,0.345,7,-7.6,1,0.034,0.847,0,0.086,0.292,126.006,21240826,M-pop
tracks,353,Story,Park Shin Hye,The Heirs OST (Full Album),spotify:track:6iz9gKoO0ETNmj17PP9rot,0.682,0.125,5,-11.627,1,0.0338,0.888,0.00001,0.11,0.294,119.94,29251500,K-pop
tracks,354,당돌한 여자,JIHYO,투유 프로젝트 - 슈가맨 Pt.11,spotify:track:7AqScxClmkJdqHZjWSkKH8,0.725,0.579,7,-5.034,0,0.0328,0.453,0,0.124,0.532,129.917,1988062,K-pop
tracks,355,间距,en,间距,spotify:track:4U0bL1ouvksMgvXU2aKq4O,0.575,0.562,6,-7.396,1,0.0289,0.45,0,0.101,0.334,130.056,2248297,M-pop
tracks,356,小時光,胡期皓,小時光,spotify:track:6R3HSoob9oDK60aNFDkOtE,0.671,0.697,1,-6.555,1,0.0343,0.31,0.00161,0.167,347,98.089,16770726,M-pop
tracks,357,Officially Missing You,BANG YE DAM,SBS K팝 스타 시즌2 TOP 2 SPECIAL,spotify:track:02O1E2M6R89FSgatYYEBuq,0.606,0.586,4,-4.971,0,0.243,0.357,0,0.33,0.586,100.321,26590225,K-pop
tracks,358,最熟悉的陌生人,Elva Hsiao,首選蕭亞軒-美麗的插曲,spotify:track:4p1t0HAkt4sYo3R1JQ1WrD,0.677,0.609,7,-4.503,1,0.0292,0.143,0,0.132,0.344,119.855,5827750,M-pop
tracks,359,my boy,Billie Eilish,dont smile at me,spotify:track:1RGasjWLZ4qMN7wbtkLa3u,0.692,0.394,11,-8.745,0,0.207,0.472,0.000191,0.117,0.324,89.936,7665874,Pop
tracks,360,Bittersweet (feat. LeeHi),WONWOO,Bittersweet (feat. LeeHi),spotify:track:347PJwH4XqRbeaKaIW9sX3,0.824,0.68,10,-6.331,0,0.0425,0.425,0,0.0849,0.772,110.077,20546710,K-pop
tracks,361,쏘쏘 so-so,Baek A Yeon,쏘쏘 so-so,spotify:track:1F3PSls61sG4NvY5S6gt7Y,0.702,0.491,6,-4.441,1,0.0396,0.81,0,0.125,0.301,67.217,256633,K-pop
tracks,362,Best Luck,CHEN,It's alright This is love (Original Television Soundtrack) Vol. 1,spotify:track:0FxShF2ad0XegLlZ4UPImP,0.487,0.718,9,-2.461,1,0.0274,0.314,0.000003,0.211,0.272,79.962,355735,K-pop
tracks,363,Merry Summer,ROCOBERRY,Merry Summer,spotify:track:5WW87X7ac3d2j8a43kSeS3,0.748,0.566,0,-9.496,1,0.037,0.573,0.000014,0.105,0.612,89.967,2003369,K-Indie
tracks,364,Just thinking about you,Vanilla Acoustic,Fit Me,spotify:track:13z0tjS1JNelA2fEdxRcET,0.498,0.653,5,-5.685,1,0.0623,0.75,0,0.23,0.598,179.912,1911613,K-Indie
tracks,365,All I Wanna Do (K) (Feat. Hoody & Loco),Jay Park,EVERYTHING YOU WANTED,spotify:track:2FWquqPNxte8iqZ3ATQG0p,0.403,0.724,8,-6.064,1,0.246,0.377,0,0.0927,0.428,97.133,6039243,Undefinied
tracks,366,Werk,CID,Bad For Me EP,spotify:track:7BJ2UGLYgtxQ15d0fe2hJy,0.789,0.876,0,-4.008,1,0.176,0.0457,0.0326,0.172,0.512,124.963,5491582,Electronic/Dance
tracks,367,August 7:28 P.M.,homezone,Hymn to the Equinox,spotify:track:6ARNWeaHPZhJdjHTKxDuzD,0.648,0.525,2,-7.83,1,0.0676,0.561,0,0.237,0.105,119.8,3771138,K-Indie
tracks,368,Levitating (feat. DaBaby),Dua Lipa,Levitating (feat. DaBaby),spotify:track:463CkQjx2Zk1yXoBuierM9,0.702,0.825,6,-3.787,0,0.0601,0.00883,0,0.0674,0.915,102.977,6030035,Electronic/Dance
tracks,369,明明就,Jay Chou,十二新作,spotify:track:04x6DpeFQ72efXsD0DmWPQ,0.543,0.428,9,-8.966,1,0.0262,0.14,0,0.0876,0.173,112.985,8223753,M-pop
tracks,370,alright,slchld,alright,spotify:track:4twgRiWgXqAXgIav4CSsBq,0.545,0.723,0,-3.496,1,0.0615,0.737,0,0.11,0.146,77.243,237712,Pop
tracks,371,Lost Cause,Billie Eilish,Lost Cause,spotify:track:2xdwCJLfKCkat14mlgR26M,0.671,0.336,10,-8.494,0,0.241,0.705,0.00751,0.0577,0.518,75.051,23982746,Pop
tracks,372,我知道,BY2,TWINS,spotify:track:7iXPSlDdL0EQwPFtUR8ye1,0.674,0.584,5,-5.784,1,0.0319,0.678,0,0.098,0.29,115.92,884475,M-pop
tracks,373,給我一首歌的時間,Jay Chou,魔杰座,spotify:track:1KlVJebZrrMSMxcEKOV5w5,0.756,0.635,1,-5.369,1,0.0282,0.272,0,0.146,0.519,118.004,2223397,M-pop
tracks,374,Thinkin Bout You,KATIE,LOG,spotify:track:6xwQS49tTYgLQNPGnfWV2H,0.74,0.373,0,-6.53,1,0.366,0.606,0,0.0944,0.321,120.105,9504448,R&B/Soul
tracks,375,like i need u,keshi,THE REAPER,spotify:track:7ivYWXqrPLs66YwakDuSim,0.748,0.465,5,-8.163,1,0.0869,0.399,0,0.294,0.412,119.872,193272,K-Indie